{"cameraMode":{"drawMode":0,"name":"Shaded","section":"Shading Mode"},"sceneLighting":false,"audioPlay":false,"sceneViewState":{"m_AlwaysRefresh":false,"showFog":true,"showSkybox":false,"showFlares":true,"showImageEffects":true,"showParticleSystems":true,"showVisualEffectGraphs":true,"m_FxEnabled":true},"in2DMode":false,"pivot":{"x":5.925124168395996,"y":4.899738788604736,"z":21.68657875061035},"rotation":{"x":0.0006535815191455185,"y":0.9982814192771912,"z":0.010479745455086232,"w":-0.05817194655537605},"size":2.5613057613372804,"orthographic":false}